<keymap version="1" name="VSCode (Migrated)" parent="VSCode">
  <action id="ActivateFindToolWindow">
    <keyboard-shortcut first-keystroke="alt 3" />
    <keyboard-shortcut first-keystroke="alt a" />
  </action>
  <action id="ActivateProjectToolWindow">
    <keyboard-shortcut first-keystroke="alt d" />
  </action>
  <action id="ActivateStructureToolWindow">
    <keyboard-shortcut first-keystroke="alt 7" />
    <keyboard-shortcut first-keystroke="alt s" />
  </action>
  <action id="CloseContent">
    <keyboard-shortcut first-keystroke="ctrl w" />
    <keyboard-shortcut first-keystroke="ctrl f4" />
  </action>
  <action id="CommentByBlockComment">
    <keyboard-shortcut first-keystroke="shift alt a" />
    <keyboard-shortcut first-keystroke="shift ctrl slash" />
  </action>
  <action id="Console.TableResult.DeleteRows" />
  <action id="EditSourceInNewWindow">
    <keyboard-shortcut first-keystroke="shift ctrl k" second-keystroke="shift ctrl o" />
  </action>
  <action id="EditorDeleteLine" />
  <action id="EditorToggleUseSoftWraps" />
  <action id="EditorUnSelectWord">
    <keyboard-shortcut first-keystroke="shift ctrl w" />
    <keyboard-shortcut first-keystroke="shift alt left" />
  </action>
  <action id="Find">
    <keyboard-shortcut first-keystroke="ctrl f" />
    <keyboard-shortcut first-keystroke="alt f" />
  </action>
  <action id="GotoFile">
    <keyboard-shortcut first-keystroke="ctrl p" />
    <keyboard-shortcut first-keystroke="shift ctrl o" second-keystroke="shift ctrl l" />
  </action>
  <action id="GotoSymbol">
    <keyboard-shortcut first-keystroke="shift ctrl o" />
    <keyboard-shortcut first-keystroke="ctrl t" />
    <keyboard-shortcut first-keystroke="shift ctrl o" second-keystroke="shift ctrl p" />
  </action>
  <action id="HideSideWindows">
    <keyboard-shortcut first-keystroke="ctrl b" />
    <keyboard-shortcut first-keystroke="alt q" />
  </action>
  <action id="Replace">
    <keyboard-shortcut first-keystroke="ctrl h" />
    <keyboard-shortcut first-keystroke="alt r" />
  </action>
  <action id="SearchEverywhere">
    <keyboard-shortcut first-keystroke="f1" />
  </action>
  <action id="ShowHoverInfo">
    <keyboard-shortcut first-keystroke="shift ctrl a" />
  </action>
  <action id="SplitHorizontally">
    <keyboard-shortcut first-keystroke="ctrl alt back_slash" />
  </action>
  <action id="ToggleDistractionFreeMode">
    <keyboard-shortcut first-keystroke="shift alt z" />
  </action>
  <action id="UsageView.Rerun">
    <keyboard-shortcut first-keystroke="alt z" />
  </action>
</keymap>