<application>
  <component name="AbbreviationManager">
    <abbreviations>
      <action id="UsageView.Rerun">
        <abbreviation name="rr" />
      </action>
      <action id="MaximizeEditorInSplit">
        <abbreviation name="max" />
      </action>
      <action id="ToggleZenMode">
        <abbreviation name="zen" />
      </action>
      <action id="CheckinProject">
        <abbreviation name="commit" />
      </action>
      <action id="OpenEditorInOppositeTabGroup">
        <abbreviation name="oo" />
      </action>
    </abbreviations>
  </component>
</application>