<application>
  <component name="ProjectJdkTable">
    <jdk version="2">
      <name value="Android API 33, extension level 3 Platform" />
      <type value="Android SDK" />
      <homePath value="C:/Program Files (x86)/Android/android-sdk" />
      <roots>
        <annotationsPath>
          <root type="composite">
            <root url="jar://C:/Program Files (x86)/Android/android-sdk/platforms/android-33/data/annotations.zip!/" type="simple" />
          </root>
        </annotationsPath>
        <classPath>
          <root type="composite">
            <root url="jar://C:/Program Files (x86)/Android/android-sdk/platforms/android-33/android.jar!/" type="simple" />
            <root url="file://C:/Program Files (x86)/Android/android-sdk/platforms/android-33/data/res" type="simple" />
          </root>
        </classPath>
        <javadocPath>
          <root type="composite">
            <root url="http://developer.android.com/reference/" type="simple" />
          </root>
        </javadocPath>
        <sourcePath>
          <root type="composite" />
        </sourcePath>
      </roots>
      <additional sdk="android-33" />
    </jdk>
    <jdk version="2">
      <name value="Android API 34, extension level 7 Platform" />
      <type value="Android SDK" />
      <homePath value="C:/Program Files (x86)/Android/android-sdk" />
      <roots>
        <annotationsPath>
          <root type="composite">
            <root url="jar://C:/Program Files (x86)/Android/android-sdk/platforms/android-34/data/annotations.zip!/" type="simple" />
          </root>
        </annotationsPath>
        <classPath>
          <root type="composite">
            <root url="jar://C:/Program Files (x86)/Android/android-sdk/platforms/android-34/android.jar!/" type="simple" />
            <root url="file://C:/Program Files (x86)/Android/android-sdk/platforms/android-34/data/res" type="simple" />
          </root>
        </classPath>
        <javadocPath>
          <root type="composite">
            <root url="http://developer.android.com/reference/" type="simple" />
          </root>
        </javadocPath>
        <sourcePath>
          <root type="composite" />
        </sourcePath>
      </roots>
      <additional sdk="android-34" />
    </jdk>
  </component>
</application>