<application>
  <component name="ProjectManager">
    <defaultProject>
      <component name="Encoding" addBOMForNewFiles="with BOM under Windows, with no BOM otherwise" />
      <component name="WindowStateProjectService">
        <state x="919" y="244" key="Rider.NewProjectDialog.Size.ideScale=110" timestamp="1724247072770">
          <screen x="0" y="0" width="2752" height="1152" />
        </state>
        <state x="919" y="244" key="Rider.NewProjectDialog.Size.ideScale=110/0.0.2752.1152/-1920.0.1920.1080/3440.0.1920.1080" timestamp="1724247072770" />
      </component>
    </defaultProject>
  </component>
</application>