<application>
  <component name="Trusted.Paths">
    <option name="TRUSTED_PROJECT_PATHS">
      <map>
        <entry key="C:\Users\creat\AppData\Local\JetBrains\Rider2024.2\demo\CsharpLearnProject" value="true" />
        <entry key="C:\Users\creat\Projects\Tests01" value="true" />
        <entry key="C:\Users\creat\Projects\Tests01\.idea\.idea.AspireApp1" value="true" />
        <entry key="C:\Users\creat\Projects\Tests01\MauiApp2" value="true" />
        <entry key="C:\Users\creat\Projects\Tests01\MauiApp3" value="true" />
        <entry key="C:\Users\creat\Projects\Tests01\MauiApp3\.idea\.idea.MauiApp3" value="true" />
        <entry key="C:\Users\creat\Projects\Tests01\part4-exercise1" value="true" />
        <entry key="C:\Users\creat\Projects\Tests01\part4-exercise1\.idea\.idea.MovieCatalog" value="true" />
        <entry key="C:\Users\creat\Projects\Tests01\part6-exercise-start\part6-exercise2" value="true" />
        <entry key="C:\Users\creat\Projects\Tests01\the_cave_tests\downloader_test02\maui_test" value="true" />
        <entry key="C:\Users\creat\Projects\the_cave\TheCave" value="true" />
        <entry key="C:\Users\creat\Projects\the_cave\TheCave2" value="true" />
        <entry key="C:\Users\creat\Projects\the_cave\TheCave2\.idea\.idea.TheCave2" value="true" />
        <entry key="C:\Users\creat\Projects\the_cave\TheCave2\TheCave" value="true" />
        <entry key="C:\Users\creat\Projects\the_cave\TheCave\.idea\.idea.TheCave.dir" value="true" />
        <entry key="C:\Users\creat\Projects\the_cave\downloader" value="true" />
        <entry key="C:\Users\creat\Projects\the_cave\downloader\.idea\.idea.main" value="true" />
        <entry key="C:\Users\creat\Projects\the_cave_other\downloader" value="true" />
      </map>
    </option>
  </component>
</application>