<application>
  <component name="DimensionService">
    <location key="find.popup.0.0.3440.1440@120dpi" x="1423" y="199" />
    <location key="find.popup.3440.0.1920.1080" x="4235" y="149" />
    <size key="find.popup.0.0.3440.1440@120dpi" width="875" height="715" />
    <size key="GridCell.Tab.0.left.0.0.3440.1440@120dpi" width="3337" height="309" />
    <size key="GridCell.Tab.0.center.0.0.3440.1440@120dpi" width="3337" height="309" />
    <size key="GridCell.Tab.0.right.0.0.3440.1440@120dpi" width="3337" height="309" />
    <size key="GridCell.Tab.0.bottom.0.0.3440.1440@120dpi" width="3337" height="309" />
    <size key="GridCell.Tab.1.left.0.0.3440.1440@120dpi" width="3337" height="309" />
    <size key="GridCell.Tab.1.center.0.0.3440.1440@120dpi" width="3337" height="309" />
    <size key="GridCell.Tab.1.right.0.0.3440.1440@120dpi" width="3337" height="309" />
    <size key="GridCell.Tab.1.bottom.0.0.3440.1440@120dpi" width="3337" height="309" />
    <size key="GridCell.Tab.2.left.0.0.3440.1440@120dpi" width="3337" height="309" />
    <size key="GridCell.Tab.2.center.0.0.3440.1440@120dpi" width="3337" height="309" />
    <size key="GridCell.Tab.2.right.0.0.3440.1440@120dpi" width="3337" height="309" />
    <size key="GridCell.Tab.2.bottom.0.0.3440.1440@120dpi" width="3337" height="309" />
    <size key="GridCell.Tab.3.left.0.0.3440.1440@120dpi" width="3337" height="309" />
    <size key="GridCell.Tab.3.center.0.0.3440.1440@120dpi" width="3337" height="309" />
    <size key="GridCell.Tab.3.right.0.0.3440.1440@120dpi" width="3337" height="309" />
    <size key="GridCell.Tab.3.bottom.0.0.3440.1440@120dpi" width="3337" height="309" />
    <size key="GridCell.Tab.4.left.0.0.3440.1440@120dpi" width="3337" height="309" />
    <size key="GridCell.Tab.4.center.0.0.3440.1440@120dpi" width="3337" height="309" />
    <size key="GridCell.Tab.4.right.0.0.3440.1440@120dpi" width="3337" height="309" />
    <size key="GridCell.Tab.4.bottom.0.0.3440.1440@120dpi" width="3337" height="309" />
    <size key="GridCell.Tab.5.left.0.0.3440.1440@120dpi" width="3337" height="309" />
    <size key="GridCell.Tab.5.center.0.0.3440.1440@120dpi" width="3337" height="309" />
    <size key="GridCell.Tab.5.right.0.0.3440.1440@120dpi" width="3337" height="309" />
    <size key="GridCell.Tab.5.bottom.0.0.3440.1440@120dpi" width="3337" height="309" />
    <size key="GridCell.Tab.6.left.0.0.3440.1440@120dpi" width="3337" height="309" />
    <size key="GridCell.Tab.6.center.0.0.3440.1440@120dpi" width="3337" height="309" />
    <size key="GridCell.Tab.6.right.0.0.3440.1440@120dpi" width="3337" height="309" />
    <size key="GridCell.Tab.6.bottom.0.0.3440.1440@120dpi" width="3337" height="309" />
    <size key="find.popup.3440.0.1920.1080" width="698" height="572" />
  </component>
  <component name="WindowManager">
    <frame x="-8" y="0" width="3457" height="1448" />
  </component>
  <component name="WindowStateApplicationService">
    <state x="1044" y="394" key="APPLICATION_WIDE_STORE_#rider.projectView.actions.properties.EditPropertiesDialogSolution.ideScale=110" timestamp="1724397907542">
      <screen x="0" y="0" width="2752" height="1152" />
    </state>
    <state x="1044" y="394" key="APPLICATION_WIDE_STORE_#rider.projectView.actions.properties.EditPropertiesDialogSolution.ideScale=110/0.0.2752.1152/-1920.0.1920.1080/3440.0.1920.1080" timestamp="1724397907542" />
    <state x="1376" y="591" width="800" height="650" key="WELCOME_SCREEN.ideScale=110" timestamp="1724381197166">
      <screen x="0" y="0" width="2752" height="1152" />
    </state>
    <state x="1376" y="591" width="800" height="650" key="WELCOME_SCREEN.ideScale=110/0.0.2752.1152/-1920.0.1920.1080/3440.0.1920.1080" timestamp="1724381197166" />
  </component>
</application>